Class,Precision,Recall,F1-Score,Support
joy,0.35609756097560974,0.5748031496062992,0.4397590361445783,127.0
negative,0.37735849056603776,0.2777777777777778,0.32,72.0
netral,0.8132780082987552,0.7245841035120147,0.7663734115347018,541.0
